{
  "project_info": {
    "project_number": "645735780054",
    "firebase_url": "https://testocr-1100.firebaseio.com",
    "project_id": "testocr-1100",
    "storage_bucket": "testocr-1100.appspot.com"
  },
  "client": [
    {
      "client_info": {
        "mobilesdk_app_id": "1:645735780054:android:f0b7b6744d3d1d21b88377",
        "android_client_info": {
          "package_name": "com.example.fluttertrial"
        }
      },
      "oauth_client": [
        {
          "client_id": "645735780054-0doutj4auh43kmasrbsfc5himms76erv.apps.googleusercontent.com",
          "client_type": 3
        }
      ],
      "api_key": [
        {
          "current_key": "AIzaSyD-QWILXnaNUWtL7Up2oShCaZYhdAHS-n0"
        }
      ],
      "services": {
        "appinvite_service": {
          "other_platform_oauth_client": [
            {
              "client_id": "645735780054-0doutj4auh43kmasrbsfc5himms76erv.apps.googleusercontent.com",
              "client_type": 3
            }
          ]
        }
      }
    },
    {
      "client_info": {
        "mobilesdk_app_id": "1:645735780054:android:7c23c6216a29e910b88377",
        "android_client_info": {
          "package_name": "com.marklistocr.marklist_ocr"
        }
      },
      "oauth_client": [
        {
          "client_id": "645735780054-0doutj4auh43kmasrbsfc5himms76erv.apps.googleusercontent.com",
          "client_type": 3
        }
      ],
      "api_key": [
        {
          "current_key": "AIzaSyD-QWILXnaNUWtL7Up2oShCaZYhdAHS-n0"
        }
      ],
      "services": {
        "appinvite_service": {
          "other_platform_oauth_client": [
            {
              "client_id": "645735780054-0doutj4auh43kmasrbsfc5himms76erv.apps.googleusercontent.com",
              "client_type": 3
            }
          ]
        }
      }
    }
  ],
  "configuration_version": "1"
}